,Side,Rank_type,Metric,Value
0,head,optimistic,median_rank,371.0
1,tail,optimistic,median_rank,396.0
2,both,optimistic,median_rank,381.0
3,head,realistic,median_rank,371.0
4,tail,realistic,median_rank,396.0
5,both,realistic,median_rank,381.0
6,head,pessimistic,median_rank,371.0
7,tail,pessimistic,median_rank,396.0
8,both,pessimistic,median_rank,381.0
9,head,optimistic,adjusted_arithmetic_mean_rank,0.5629054382196268
10,tail,optimistic,adjusted_arithmetic_mean_rank,0.5604706426808791
11,both,optimistic,adjusted_arithmetic_mean_rank,0.5616880052369572
12,head,realistic,adjusted_arithmetic_mean_rank,0.5629054640516243
13,tail,realistic,adjusted_arithmetic_mean_rank,0.5604706612639749
14,both,realistic,adjusted_arithmetic_mean_rank,0.5616879987326855
15,head,pessimistic,adjusted_arithmetic_mean_rank,0.5629054382196268
16,tail,pessimistic,adjusted_arithmetic_mean_rank,0.5604706426808791
17,both,pessimistic,adjusted_arithmetic_mean_rank,0.5616880052369572
18,head,optimistic,count,618.0
19,tail,optimistic,count,618.0
20,both,optimistic,count,1236.0
21,head,realistic,count,618.0
22,tail,realistic,count,618.0
23,both,realistic,count,1236.0
24,head,pessimistic,count,618.0
25,tail,pessimistic,count,618.0
26,both,pessimistic,count,1236.0
27,head,optimistic,z_geometric_mean_rank,13.936447064561097
28,tail,optimistic,z_geometric_mean_rank,14.097759541045649
29,both,optimistic,z_geometric_mean_rank,19.806167010773393
30,head,realistic,z_geometric_mean_rank,13.936448927262262
31,tail,realistic,z_geometric_mean_rank,14.097756593382504
32,both,realistic,z_geometric_mean_rank,19.80616208475064
33,head,pessimistic,z_geometric_mean_rank,13.936447064561097
34,tail,pessimistic,z_geometric_mean_rank,14.097759541045649
35,both,pessimistic,z_geometric_mean_rank,19.806167010773393
36,head,optimistic,z_inverse_harmonic_mean_rank,4.305537006494584
37,tail,optimistic,z_inverse_harmonic_mean_rank,5.980934864667599
38,both,optimistic,z_inverse_harmonic_mean_rank,7.273617124871911
39,head,realistic,z_inverse_harmonic_mean_rank,4.305536434695632
40,tail,realistic,z_inverse_harmonic_mean_rank,5.98093563017642
41,both,realistic,z_inverse_harmonic_mean_rank,7.273616667559719
42,head,pessimistic,z_inverse_harmonic_mean_rank,4.305537006494584
43,tail,pessimistic,z_inverse_harmonic_mean_rank,5.980934864667599
44,both,pessimistic,z_inverse_harmonic_mean_rank,7.273617124871911
45,head,optimistic,adjusted_inverse_harmonic_mean_rank,0.004789834130139615
46,tail,optimistic,adjusted_inverse_harmonic_mean_rank,0.006653493729559941
47,both,optimistic,adjusted_inverse_harmonic_mean_rank,0.005721664022128817
48,head,realistic,adjusted_inverse_harmonic_mean_rank,0.004789833494023346
49,tail,realistic,adjusted_inverse_harmonic_mean_rank,0.006653494581150579
50,both,realistic,adjusted_inverse_harmonic_mean_rank,0.0057216636623921594
51,head,pessimistic,adjusted_inverse_harmonic_mean_rank,0.004789834130139615
52,tail,pessimistic,adjusted_inverse_harmonic_mean_rank,0.006653493729559941
53,both,pessimistic,adjusted_inverse_harmonic_mean_rank,0.005721664022128817
54,head,optimistic,inverse_median_rank,0.0026954177897574125
55,tail,optimistic,inverse_median_rank,0.0025252525252525255
56,both,optimistic,inverse_median_rank,0.0026246719160104987
57,head,realistic,inverse_median_rank,0.002695417730137706
58,tail,realistic,inverse_median_rank,0.0025252525229007006
59,both,realistic,inverse_median_rank,0.002624671906232834
60,head,pessimistic,inverse_median_rank,0.0026954177897574125
61,tail,pessimistic,inverse_median_rank,0.0025252525252525255
62,both,pessimistic,inverse_median_rank,0.0026246719160104987
63,head,optimistic,inverse_geometric_mean_rank,0.0028676414968790026
64,tail,optimistic,inverse_geometric_mean_rank,0.002909515820600343
65,both,optimistic,inverse_geometric_mean_rank,0.0028885027787730285
66,head,realistic,inverse_geometric_mean_rank,0.002867642091587186
67,tail,realistic,inverse_geometric_mean_rank,0.0029095150530338287
68,both,realistic,inverse_geometric_mean_rank,0.0028885018546134233
69,head,pessimistic,inverse_geometric_mean_rank,0.0028676414968790026
70,tail,pessimistic,inverse_geometric_mean_rank,0.002909515820600343
71,both,pessimistic,inverse_geometric_mean_rank,0.0028885027787730285
72,head,optimistic,inverse_harmonic_mean_rank,0.008648858107976753
73,tail,optimistic,inverse_harmonic_mean_rank,0.010505095207278584
74,both,optimistic,inverse_harmonic_mean_rank,0.009576976657627669
75,head,realistic,inverse_harmonic_mean_rank,0.008648857474327087
76,tail,realistic,inverse_harmonic_mean_rank,0.010505096055567265
77,both,realistic,inverse_harmonic_mean_rank,0.009576976299285889
78,head,pessimistic,inverse_harmonic_mean_rank,0.008648858107976753
79,tail,pessimistic,inverse_harmonic_mean_rank,0.010505095207278584
80,both,pessimistic,inverse_harmonic_mean_rank,0.009576976657627669
81,head,optimistic,z_arithmetic_mean_rank,18.829320694329184
82,tail,optimistic,z_arithmetic_mean_rank,18.93420751251698
83,both,optimistic,z_arithmetic_mean_rank,26.702849011071592
84,head,realistic,z_arithmetic_mean_rank,18.829319581528868
85,tail,realistic,z_arithmetic_mean_rank,18.93420671198753
86,both,realistic,z_arithmetic_mean_rank,26.702849407324912
87,head,pessimistic,z_arithmetic_mean_rank,18.829320694329184
88,tail,pessimistic,z_arithmetic_mean_rank,18.93420751251698
89,both,pessimistic,z_arithmetic_mean_rank,26.702849011071592
90,head,optimistic,median_absolute_deviation,372.8744579541589
91,tail,optimistic,median_absolute_deviation,392.88958790398453
92,both,optimistic,median_absolute_deviation,381.0287701559397
93,head,realistic,median_absolute_deviation,372.8744579541589
94,tail,realistic,median_absolute_deviation,392.88958790398453
95,both,realistic,median_absolute_deviation,381.0287701559397
96,head,pessimistic,median_absolute_deviation,372.8744579541589
97,tail,pessimistic,median_absolute_deviation,392.88958790398453
98,both,pessimistic,median_absolute_deviation,381.0287701559397
99,head,optimistic,adjusted_geometric_mean_rank_index,0.555924515966391
100,tail,optimistic,adjusted_geometric_mean_rank_index,0.5623594374118283
101,both,optimistic,adjusted_geometric_mean_rank_index,0.5589783744286261
102,head,realistic,adjusted_geometric_mean_rank_index,0.5559245902694927
103,tail,realistic,adjusted_geometric_mean_rank_index,0.5623593198295853
104,both,realistic,adjusted_geometric_mean_rank_index,0.5589782354042409
105,head,pessimistic,adjusted_geometric_mean_rank_index,0.555924515966391
106,tail,pessimistic,adjusted_geometric_mean_rank_index,0.5623594374118283
107,both,pessimistic,adjusted_geometric_mean_rank_index,0.5589783744286261
108,head,optimistic,geometric_mean_rank,348.7186250751183
109,tail,optimistic,geometric_mean_rank,343.6997980625045
110,both,optimistic,geometric_mean_rank,346.20011701175434
111,head,realistic,geometric_mean_rank,348.71856689453125
112,tail,realistic,geometric_mean_rank,343.69989013671875
113,both,realistic,geometric_mean_rank,346.2002258300781
114,head,pessimistic,geometric_mean_rank,348.7186250751183
115,tail,pessimistic,geometric_mean_rank,343.6997980625045
116,both,pessimistic,geometric_mean_rank,346.20011701175434
117,head,optimistic,standard_deviation,559.3933317961943
118,tail,optimistic,standard_deviation,554.3026743433572
119,both,optimistic,standard_deviation,556.8552838768197
120,head,realistic,standard_deviation,559.393310546875
121,tail,realistic,standard_deviation,554.3026733398438
122,both,realistic,standard_deviation,556.8552856445312
123,head,pessimistic,standard_deviation,559.3933317961943
124,tail,pessimistic,standard_deviation,554.3026743433572
125,both,pessimistic,standard_deviation,556.8552838768197
126,head,optimistic,harmonic_mean_rank,115.62219977660521
127,tail,optimistic,harmonic_mean_rank,95.19190262141915
128,both,optimistic,harmonic_mean_rank,104.41708649290076
129,head,realistic,harmonic_mean_rank,115.62220824754701
130,tail,realistic,harmonic_mean_rank,95.19189493465332
131,both,realistic,harmonic_mean_rank,104.41709039987552
132,head,pessimistic,harmonic_mean_rank,115.62219977660521
133,tail,pessimistic,harmonic_mean_rank,95.19190262141915
134,both,pessimistic,harmonic_mean_rank,104.41708649290076
135,head,optimistic,arithmetic_mean_rank,598.2928802588997
136,tail,optimistic,arithmetic_mean_rank,595.7394822006472
137,both,optimistic,arithmetic_mean_rank,597.0161812297735
138,head,realistic,arithmetic_mean_rank,598.2929077148438
139,tail,realistic,arithmetic_mean_rank,595.739501953125
140,both,realistic,arithmetic_mean_rank,597.0161743164062
141,head,pessimistic,arithmetic_mean_rank,598.2928802588997
142,tail,pessimistic,arithmetic_mean_rank,595.7394822006472
143,both,pessimistic,arithmetic_mean_rank,597.0161812297735
144,head,optimistic,variance,312920.8996580471
145,tail,optimistic,variance,307251.4547841979
146,both,optimistic,variance,310087.80718153354
147,head,realistic,variance,312920.875
148,tail,realistic,variance,307251.4375
149,both,realistic,variance,310087.8125
150,head,pessimistic,variance,312920.8996580471
151,tail,pessimistic,variance,307251.4547841979
152,both,pessimistic,variance,310087.80718153354
153,head,optimistic,adjusted_arithmetic_mean_rank_index,0.4375061906365575
154,tail,optimistic,adjusted_arithmetic_mean_rank_index,0.43994325514916877
155,both,optimistic,adjusted_arithmetic_mean_rank_index,0.4387247581721655
156,head,realistic,adjusted_arithmetic_mean_rank_index,0.43750616478023296
157,tail,realistic,adjusted_arithmetic_mean_rank_index,0.4399432365485735
158,both,realistic,adjusted_arithmetic_mean_rank_index,0.4387247646825623
159,head,pessimistic,adjusted_arithmetic_mean_rank_index,0.4375061906365575
160,tail,pessimistic,adjusted_arithmetic_mean_rank_index,0.43994325514916877
161,both,pessimistic,adjusted_arithmetic_mean_rank_index,0.4387247581721655
162,head,optimistic,inverse_arithmetic_mean_rank,0.0016714221963785851
163,tail,optimistic,inverse_arithmetic_mean_rank,0.0016785860764272735
164,both,optimistic,inverse_arithmetic_mean_rank,0.0016749964765446286
165,head,realistic,inverse_arithmetic_mean_rank,0.0016714221565052867
166,tail,realistic,inverse_arithmetic_mean_rank,0.0016785860061645508
167,both,realistic,inverse_arithmetic_mean_rank,0.001674996456131339
168,head,pessimistic,inverse_arithmetic_mean_rank,0.0016714221963785851
169,tail,pessimistic,inverse_arithmetic_mean_rank,0.0016785860764272735
170,both,pessimistic,inverse_arithmetic_mean_rank,0.0016749964765446286
171,head,optimistic,hits_at_1,0.0016181229773462784
172,tail,optimistic,hits_at_1,0.0016181229773462784
173,both,optimistic,hits_at_1,0.0016181229773462784
174,head,realistic,hits_at_1,0.0016181229773462784
175,tail,realistic,hits_at_1,0.0016181229773462784
176,both,realistic,hits_at_1,0.0016181229773462784
177,head,pessimistic,hits_at_1,0.0016181229773462784
178,tail,pessimistic,hits_at_1,0.0016181229773462784
179,both,pessimistic,hits_at_1,0.0016181229773462784
180,head,optimistic,hits_at_3,0.0016181229773462784
181,tail,optimistic,hits_at_3,0.006472491909385114
182,both,optimistic,hits_at_3,0.0040453074433656954
183,head,realistic,hits_at_3,0.0016181229773462784
184,tail,realistic,hits_at_3,0.006472491909385114
185,both,realistic,hits_at_3,0.0040453074433656954
186,head,pessimistic,hits_at_3,0.0016181229773462784
187,tail,pessimistic,hits_at_3,0.006472491909385114
188,both,pessimistic,hits_at_3,0.0040453074433656954
189,head,optimistic,hits_at_5,0.003236245954692557
190,tail,optimistic,hits_at_5,0.009708737864077669
191,both,optimistic,hits_at_5,0.006472491909385114
192,head,realistic,hits_at_5,0.003236245954692557
193,tail,realistic,hits_at_5,0.009708737864077669
194,both,realistic,hits_at_5,0.006472491909385114
195,head,pessimistic,hits_at_5,0.003236245954692557
196,tail,pessimistic,hits_at_5,0.009708737864077669
197,both,pessimistic,hits_at_5,0.006472491909385114
198,head,optimistic,hits_at_10,0.011326860841423949
199,tail,optimistic,hits_at_10,0.019417475728155338
200,both,optimistic,hits_at_10,0.015372168284789644
201,head,realistic,hits_at_10,0.011326860841423949
202,tail,realistic,hits_at_10,0.019417475728155338
203,both,realistic,hits_at_10,0.015372168284789644
204,head,pessimistic,hits_at_10,0.011326860841423949
205,tail,pessimistic,hits_at_10,0.019417475728155338
206,both,pessimistic,hits_at_10,0.015372168284789644
207,head,optimistic,z_hits_at_k,2.4046605617310117
208,tail,optimistic,z_hits_at_k,5.343592751856379
209,both,optimistic,z_hits_at_k,5.4788125156431455
210,head,realistic,z_hits_at_k,2.4046605617310117
211,tail,realistic,z_hits_at_k,5.343592751856379
212,both,realistic,z_hits_at_k,5.4788125156431455
213,head,pessimistic,z_hits_at_k,2.4046605617310117
214,tail,pessimistic,z_hits_at_k,5.343592751856379
215,both,pessimistic,z_hits_at_k,5.4788125156431455
216,head,optimistic,adjusted_hits_at_k,0.006651689261081198
217,tail,optimistic,adjusted_hits_at_k,0.014780832295672348
218,both,optimistic,adjusted_hits_at_k,0.010716261334888625
219,head,realistic,adjusted_hits_at_k,0.006651689261081198
220,tail,realistic,adjusted_hits_at_k,0.014780832295672348
221,both,realistic,adjusted_hits_at_k,0.010716261334888625
222,head,pessimistic,adjusted_hits_at_k,0.006651689261081198
223,tail,pessimistic,adjusted_hits_at_k,0.014780832295672348
224,both,pessimistic,adjusted_hits_at_k,0.010716261334888625
